cluster,namespace,ingress,spinnaker_app,chart,repo_chart,ingress_class,spinnaker_url,observacao,status_migracao
staging-234557,accounts-auth,a3s-api-internal,,,,sem-versão,,sem moniker spinnaker,sem moniker — não gerenciado pelo Spinnaker
staging-234557,accounts-auth,hydra-admin-api,hydra-api,go-app-0.9.1.tgz,https://github.com/ResultadosDigitais/helm,configurável,https://spinnaker.rdops.systems/#/applications/hydra-api/executions,,Pronto — só trocar ingressClassName nos values da app
staging-234557,accounts-auth,hydra-api,hydra-api,go-app-0.9.1.tgz,https://github.com/ResultadosDigitais/helm,configurável,https://spinnaker.rdops.systems/#/applications/hydra-api/executions,,Pronto — só trocar ingressClassName nos values da app
staging-234557,accounts-auth,platform-session-service,platform-session-service,rails-0.6.3.tgz,https://github.com/ResultadosDigitais/helm,configurável,https://spinnaker.rdops.systems/#/applications/platform-session-service/executions,templatedPipeline,Pronto — só trocar ingressClassName nos values da app
staging-234557,accounts-auth,rd-auth,rd-auth,rails-0.6.3.tgz,https://github.com/ResultadosDigitais/helm,configurável,https://spinnaker.rdops.systems/#/applications/rd-auth/executions,,Pronto — só trocar ingressClassName nos values da app
staging-234557,accounts-auth,rd-auth-internal,rd-auth,rails-0.6.3.tgz,https://github.com/ResultadosDigitais/helm,configurável,https://spinnaker.rdops.systems/#/applications/rd-auth/executions,,Pronto — só trocar ingressClassName nos values da app
staging-234557,accounts-auth,user-confirmail,user-confirmail,rails-0.6.3.tgz,https://github.com/ResultadosDigitais/helm,configurável,https://spinnaker.rdops.systems/#/applications/user-confirmail/executions,,Pronto — só trocar ingressClassName nos values da app
staging-234557,analyze,access-orchestration-app,attribution-analysis-api,rails-0.5.3.tgz,https://github.com/ResultadosDigitais/helm,nginx-hardcoded,https://spinnaker.rdops.systems/#/applications/attribution-analysis-api/executions,,Pronto — só trocar ingressClassName nos values da app
staging-234557,analyze,advanced-analytics,,,,sem-versão,,kubectl apply direto,kubectl apply direto
staging-234557,analyze,attribution-analysis-api,attribution-analysis-api,rails-0.5.3.tgz,https://github.com/ResultadosDigitais/helm,nginx-hardcoded,https://spinnaker.rdops.systems/#/applications/attribution-analysis-api/executions,,Pronto — só trocar ingressClassName nos values da app
staging-234557,analyze,basic-analytics,basic-analytics,rails-0.6.1.tgz,https://github.com/resultadosdigitais/basic_analytics,configurável,https://spinnaker.rdops.systems/#/applications/basic-analytics/executions,,Manifesto Spinnaker — adicionar stage APISIX na pipeline
staging-234557,analyze,data-platform-data-access-api,data-platform-data-access-api,rails-0.5.3.tgz,https://github.com/ResultadosDigitais/helm,nginx-hardcoded,https://spinnaker.rdops.systems/#/applications/data-platform-data-access-api/executions,,Pronto — só trocar ingressClassName nos values da app
staging-234557,analyze,gooddata-exporter,gooddata-exporter,manifesto-inline,,nginx-hardcoded,https://spinnaker.rdops.systems/#/applications/gooddata-exporter/executions,manifesto Spinnaker — consultar pipeline para repo,Manifesto Spinnaker — adicionar stage APISIX na pipeline
staging-234557,analyze,insights-platform-api,,,,sem-versão,,sem dados no deploy_types,
staging-234557,analyze,report-builder-api,report-builder-api,rails-0.5.3.tgz,https://github.com/ResultadosDigitais/helm,nginx-hardcoded,https://spinnaker.rdops.systems/#/applications/report-builder-api/executions,,Pronto — só trocar ingressClassName nos values da app
staging-234557,attract,es-staging-http,,,,sem-versão,,manual (Lens/Freelens),Manual (Lens/Freelens) — kubectl apply direto
staging-234557,attract,eye-api,eye-api,manifesto-inline,https://github.com/ResultadosDigitais/rd-paas,já-migrado,https://spinnaker.rdops.systems/#/applications/eye-api/executions,,Manifesto Spinnaker — adicionar stage APISIX na pipeline
staging-234557,attract,kibana-es-staging,,,,sem-versão,,manual (Lens/Freelens),Manual (Lens/Freelens) — kubectl apply direto
staging-234557,attract,laracna,,,,sem-versão,,kubectl apply direto,kubectl apply direto
staging-234557,attract,lead-tracker,,,,sem-versão,,manual (Lens/Freelens),Manual (Lens/Freelens) — kubectl apply direto
staging-234557,attract,pageview-notify,pageview-notify,manifesto-inline,,nginx-hardcoded,https://spinnaker.rdops.systems/#/applications/pageview-notify/executions,manifesto Spinnaker — consultar pipeline para repo,Manifesto Spinnaker — adicionar stage APISIX na pipeline
staging-234557,attract,seobackend,seobackend,manifesto-inline,,nginx-hardcoded,https://spinnaker.rdops.systems/#/applications/seobackend/executions,manifesto Spinnaker — consultar pipeline para repo,Manifesto Spinnaker — adicionar stage APISIX na pipeline
staging-234557,attract,showcase-backend-rails,showcase-backend-rails,rails-0.4.17.tgz,https://github.com/ResultadosDigitais/helm,nginx-hardcoded,https://spinnaker.rdops.systems/#/applications/showcase-backend-rails/executions,,Pronto — só trocar ingressClassName nos values da app
staging-234557,attract,showcase-public,showcase-public,manifesto-inline,,nginx-hardcoded,https://spinnaker.rdops.systems/#/applications/showcase-public/executions,manifesto Spinnaker — consultar pipeline para repo,Manifesto Spinnaker — adicionar stage APISIX na pipeline
staging-234557,automation,automation-event-based-engine,automation-event-based-engine,rails-0.5.4.tgz,https://github.com/ResultadosDigitais/helm,nginx-hardcoded,https://spinnaker.rdops.systems/#/applications/automation-event-based-engine/executions,templatedPipeline,Pronto — só trocar ingressClassName nos values da app
staging-234557,automation,automation-templates-api,,,,sem-versão,,sem dados no deploy_types,
staging-234557,automation,automation-templates-core,,,,sem-versão,,sem dados no deploy_types,
staging-234557,compliance,hefesto-app,hefesto,manifesto-inline,,já-migrado,https://spinnaker.rdops.systems/#/applications/hefesto/executions,manifesto Spinnaker — consultar pipeline para repo,Manifesto Spinnaker — adicionar stage APISIX na pipeline
staging-234557,compliance,lead-vacuum-app,,,,sem-versão,,kubectl apply direto,kubectl apply direto
staging-234557,compliance,veritas-ingress,veritas,manifesto-inline,,nginx-hardcoded,https://spinnaker.rdops.systems/#/applications/veritas/executions,manifesto Spinnaker — consultar pipeline para repo,Manifesto Spinnaker — adicionar stage APISIX na pipeline
staging-234557,connect,appstore-externo,rd-app-store,manifesto-inline,,nginx-hardcoded,https://spinnaker.rdops.systems/#/applications/rd-app-store/executions,manifesto Spinnaker — consultar pipeline para repo,Manifesto Spinnaker — adicionar stage APISIX na pipeline
staging-234557,connect,appstore-interno,rd-app-store,manifesto-inline,,nginx-hardcoded,https://spinnaker.rdops.systems/#/applications/rd-app-store/executions,manifesto Spinnaker — consultar pipeline para repo,Manifesto Spinnaker — adicionar stage APISIX na pipeline
staging-234557,connect,rd-albato-com-br,,,,sem-versão,,manual (Lens/Freelens),Manual (Lens/Freelens) — kubectl apply direto
staging-234557,connect,rd-albato,,,,sem-versão,,kubectl apply direto,kubectl apply direto
staging-234557,connect,rd-albato-nuvemshop-com-br,,,,sem-versão,,kubectl apply direto,kubectl apply direto
staging-234557,connect,rd-albato-nuvemshop,,,,sem-versão,,kubectl apply direto,kubectl apply direto
staging-234557,connect,rd-albato-woocommerce-com-br,,,,sem-versão,,kubectl apply direto,kubectl apply direto
staging-234557,connect,rd-albato-woocommerce,,,,sem-versão,,kubectl apply direto,kubectl apply direto
staging-234557,connect,rd-pipedrive,,,,sem-versão,,kubectl apply direto,kubectl apply direto
staging-234557,connect,rdpress-auth-rdops-systems,rdpress-auth,manifesto-inline,,nginx-hardcoded,https://spinnaker.rdops.systems/#/applications/rdpress-auth/executions,manifesto Spinnaker — consultar pipeline para repo,Manifesto Spinnaker — adicionar stage APISIX na pipeline
staging-234557,connect,rds-assets-app-api,rds-assets-app-api,rails-0.5.3.tgz,https://github.com/ResultadosDigitais/helm,nginx-hardcoded,https://spinnaker.rdops.systems/#/applications/rds-assets-app-api/executions,,Pronto — só trocar ingressClassName nos values da app
staging-234557,connect,rds-verticalization-platform,,,,sem-versão,,sem dados no deploy_types,
staging-234557,connect,rdstation-albato-pipedrive-com-br,,,,sem-versão,,kubectl apply direto,kubectl apply direto
staging-234557,connect,rdstation-albato-pipedrive-com,,,,sem-versão,,kubectl apply direto,kubectl apply direto
staging-234557,connect,rdstation-albato-salesforce-com-br,,,,sem-versão,,manual (Lens/Freelens),Manual (Lens/Freelens) — kubectl apply direto
staging-234557,connect,rdstation-albato-salesforce-com,,,,sem-versão,,kubectl apply direto,kubectl apply direto
staging-234557,connect,rdstation-albato-shopify-com-br,,,,sem-versão,,kubectl apply direto,kubectl apply direto
staging-234557,connect,rdstation-albato-shopify-com,,,,sem-versão,,kubectl apply direto,kubectl apply direto
staging-234557,connect,rdstation-albato-vtex-com-br,,,,sem-versão,,kubectl apply direto,kubectl apply direto
staging-234557,connect,rdstation-albato-vtex-com,,,,sem-versão,,kubectl apply direto,kubectl apply direto
staging-234557,connect,rdstation-api,,,,sem-versão,,kubectl apply direto,kubectl apply direto
staging-234557,connect,webhook-service-api,webhook-service-connect,rails-0.5.1.tgz,https://github.com/ResultadosDigitais/helm,nginx-hardcoded,https://spinnaker.rdops.systems/#/applications/webhook-service-connect/executions,,Pronto — só trocar ingressClassName nos values da app
staging-234557,contact-mgmt,api-predictive-sending-web,api-predictive-sending,manifesto-inline,,nginx-hardcoded,https://spinnaker.rdops.systems/#/applications/api-predictive-sending/executions,manifesto Spinnaker — consultar pipeline para repo,Manifesto Spinnaker — adicionar stage APISIX na pipeline
staging-234557,contact-mgmt,cdp,cdp,manifesto-inline,https://github.com/ResultadosDigitais/cdp-kubernetes-config,nginx-hardcoded,https://spinnaker.rdops.systems/#/applications/cdp/executions,,Manifesto Spinnaker — adicionar stage APISIX na pipeline
staging-234557,contact-mgmt,event-api-internal,event-api,manifesto-inline,https://github.com/ResultadosDigitais/cdp-kubernetes-config,já-migrado,https://spinnaker.rdops.systems/#/applications/event-api/executions,,Manifesto Spinnaker — adicionar stage APISIX na pipeline
staging-234557,contact-mgmt,sending-predictions-pls-worker,sending-predictions-pls-worker,manifesto-inline,,nginx-hardcoded,https://spinnaker.rdops.systems/#/applications/sending-predictions-pls-worker/executions,manifesto Spinnaker — consultar pipeline para repo,Manifesto Spinnaker — adicionar stage APISIX na pipeline
staging-234557,convert,certmanager-internal,,,,sem-versão,,sem dados no deploy_types,
staging-234557,convert,city-api,,,,sem-versão,,kubectl apply direto,kubectl apply direto
staging-234557,convert,form-integrations-api,,,,sem-versão,,manual (Lens/Freelens),Manual (Lens/Freelens) — kubectl apply direto
staging-234557,convert,form-integrations-api-internal,form,manifesto-inline,,nginx-hardcoded,https://spinnaker.rdops.systems/#/applications/form/executions,manifesto Spinnaker — consultar pipeline para repo,Manifesto Spinnaker — adicionar stage APISIX na pipeline
staging-234557,convert,gyruss,,,,sem-versão,,kubectl apply direto,kubectl apply direto
staging-234557,convert,gyruss-rdops-systems,gyruss,external-secret-0.1.1.tgz,https://github.com/ResultadosDigitais/helm,sem-versão,https://spinnaker.rdops.systems/#/applications/gyruss/executions,,Manifesto Spinnaker — adicionar stage APISIX na pipeline
staging-234557,convert,rd-social-conversion,rd-social-conversion,manifesto-inline,,nginx-hardcoded,https://spinnaker.rdops.systems/#/applications/rd-social-conversion/executions,manifesto Spinnaker — consultar pipeline para repo,Manifesto Spinnaker — adicionar stage APISIX na pipeline
staging-234557,crm,automation-engine,,,,sem-versão,,sem dados no deploy_types,
staging-234557,crm,crm-aws-index-html,crm,eck-elasticsearch-0.3.0.tgz,https://github.com/ResultadosDigitais/rds-crm,sem-ingress,https://spinnaker.rdops.systems/#/applications/crm/executions,,Manifesto Spinnaker — adicionar stage APISIX na pipeline
staging-234557,crm,crm-elastic,,rails,https://github.com/ResultadosDigitais/helm,sem-versão,,,Pronto — só trocar ingressClassName nos values da app
staging-234557,crm,elasticsearch-crm,crm,eck-elasticsearch-0.3.0.tgz,https://github.com/ResultadosDigitais/helm,sem-ingress,https://spinnaker.rdops.systems/#/applications/crm/executions,,Pronto — só trocar ingressClassName nos values da app
staging-234557,crm,kibana-crm,crm,eck-elasticsearch-0.3.0.tgz,https://github.com/ResultadosDigitais/helm,sem-ingress,https://spinnaker.rdops.systems/#/applications/crm/executions,,Pronto — só trocar ingressClassName nos values da app
staging-234557,crm,sidekiq-okta-oauth,crm,eck-elasticsearch-0.3.0.tgz,https://github.com/ResultadosDigitais/helm,sem-ingress,https://spinnaker.rdops.systems/#/applications/crm/executions,,Pronto — só trocar ingressClassName nos values da app
staging-234557,crm,web-canary,rds-crm,rails,https://github.com/ResultadosDigitais/helm,sem-versão,https://spinnaker.rdops.systems/#/applications/rds-crm/executions,,Pronto — só trocar ingressClassName nos values da app
staging-234557,crm,web,crm,eck-elasticsearch-0.3.0.tgz,https://github.com/ResultadosDigitais/helm,sem-ingress,https://spinnaker.rdops.systems/#/applications/crm/executions,,Pronto — só trocar ingressClassName nos values da app
staging-234557,crm,web-internal,crm,eck-elasticsearch-0.3.0.tgz,https://github.com/ResultadosDigitais/helm,sem-ingress,https://spinnaker.rdops.systems/#/applications/crm/executions,,Pronto — só trocar ingressClassName nos values da app
staging-234557,crm,web-internal-v2,crm,eck-elasticsearch-0.3.0.tgz,https://github.com/ResultadosDigitais/helm,sem-ingress,https://spinnaker.rdops.systems/#/applications/crm/executions,,Pronto — só trocar ingressClassName nos values da app
staging-234557,crm,web-sidekiq-oauth,crm,eck-elasticsearch-0.3.0.tgz,https://github.com/ResultadosDigitais/helm,sem-ingress,https://spinnaker.rdops.systems/#/applications/crm/executions,,Pronto — só trocar ingressClassName nos values da app
staging-234557,crm,web-whitelist,crm,eck-elasticsearch-0.3.0.tgz,https://github.com/ResultadosDigitais/helm,sem-ingress,https://spinnaker.rdops.systems/#/applications/crm/executions,,Pronto — só trocar ingressClassName nos values da app
staging-234557,devexp,backstage-bot-api,backstage,rails-0.5.3.tgz,https://github.com/ResultadosDigitais/helm,nginx-hardcoded,https://spinnaker.rdops.systems/#/applications/backstage/executions,,Pronto — só trocar ingressClassName nos values da app
staging-234557,devexp,backstage-entities-api,,,,sem-versão,,sem moniker spinnaker,sem moniker — não gerenciado pelo Spinnaker
staging-234557,devexp,backstage-git-api,backstage,rails-0.5.3.tgz,https://github.com/ResultadosDigitais/helm,nginx-hardcoded,https://spinnaker.rdops.systems/#/applications/backstage/executions,,Pronto — só trocar ingressClassName nos values da app
staging-234557,devexp,backstage,backstage,rails-0.5.3.tgz,https://github.com/ResultadosDigitais/helm,nginx-hardcoded,https://spinnaker.rdops.systems/#/applications/backstage/executions,,Pronto — só trocar ingressClassName nos values da app
staging-234557,devexp,backstage-oauth,backstage,rails-0.5.3.tgz,https://github.com/ResultadosDigitais/helm,nginx-hardcoded,https://spinnaker.rdops.systems/#/applications/backstage/executions,,Pronto — só trocar ingressClassName nos values da app
staging-234557,devexp,backstage-rollbar-api,,,,sem-versão,,sem moniker spinnaker,sem moniker — não gerenciado pelo Spinnaker
staging-234557,devexp,backstage-subscribe-github,backstage,rails-0.5.3.tgz,https://github.com/ResultadosDigitais/helm,nginx-hardcoded,https://spinnaker.rdops.systems/#/applications/backstage/executions,,Pronto — só trocar ingressClassName nos values da app
staging-234557,devexp,circle-ci-metrics-extractor,circle-ci-metrics-extractor,rails-0.5.3.tgz,https://github.com/ResultadosDigitais/helm,nginx-hardcoded,https://spinnaker.rdops.systems/#/applications/circle-ci-metrics-extractor/executions,,Pronto — só trocar ingressClassName nos values da app
staging-234557,devexp,metrics-extractor-to-datalake,metrics-extractor-to-datalake,rails-0.4.22.tgz,https://github.com/ResultadosDigitais/helm,nginx-hardcoded,https://spinnaker.rdops.systems/#/applications/metrics-extractor-to-datalake/executions,templatedPipeline,Pronto — só trocar ingressClassName nos values da app
staging-234557,devexp,oraculo-metrics-extractor,oraculo-metrics-extractor,rails-0.5.3.tgz,https://github.com/ResultadosDigitais/helm,nginx-hardcoded,https://spinnaker.rdops.systems/#/applications/oraculo-metrics-extractor/executions,templatedPipeline,Pronto — só trocar ingressClassName nos values da app
staging-234557,devexp,oraculo-staging,,,,sem-versão,,sem moniker spinnaker,sem moniker — não gerenciado pelo Spinnaker
staging-234557,devexp,rdsm-deploy-metrics-collector,rdsm-deploy-metrics-collector,rails-0.5.3.tgz,https://github.com/ResultadosDigitais/helm,nginx-hardcoded,https://spinnaker.rdops.systems/#/applications/rdsm-deploy-metrics-collector/executions,,Pronto — só trocar ingressClassName nos values da app
staging-234557,devexp,rocknrollout2,rocknrollout2,rails-0.5.3.tgz,https://github.com/ResultadosDigitais/helm,nginx-hardcoded,https://spinnaker.rdops.systems/#/applications/rocknrollout2/executions,templatedPipeline,Pronto — só trocar ingressClassName nos values da app
staging-234557,elasticsearch,kibana-es-cm-staging,,,,sem-versão,,manual (Lens/Freelens),Manual (Lens/Freelens) — kubectl apply direto
staging-234557,email,buz,buzz,manifesto-inline,,nginx-hardcoded,https://spinnaker.rdops.systems/#/applications/buzz/executions,manifesto Spinnaker — consultar pipeline para repo,Manifesto Spinnaker — adicionar stage APISIX na pipeline
staging-234557,email,buzz,buzz,manifesto-inline,,nginx-hardcoded,https://spinnaker.rdops.systems/#/applications/buzz/executions,manifesto Spinnaker — consultar pipeline para repo,Manifesto Spinnaker — adicionar stage APISIX na pipeline
staging-234557,email,cortex,,,https://github.com/resultadosdigitais/cortex,sem-versão,,,
staging-234557,email,email-validator,email-validator,rails-0.5.1.tgz,https://github.com/ResultadosDigitais/helm,nginx-hardcoded,https://spinnaker.rdops.systems/#/applications/email-validator/executions,,Pronto — só trocar ingressClassName nos values da app
staging-234557,email,email-validator-wh-billing,email-validator,rails-0.5.1.tgz,https://github.com/ResultadosDigitais/helm,nginx-hardcoded,https://spinnaker.rdops.systems/#/applications/email-validator/executions,,Pronto — só trocar ingressClassName nos values da app
staging-234557,email,email-validator-wh-exact,email-validator,rails-0.5.1.tgz,https://github.com/ResultadosDigitais/helm,nginx-hardcoded,https://spinnaker.rdops.systems/#/applications/email-validator/executions,,Pronto — só trocar ingressClassName nos values da app
staging-234557,email,email-validator-wh-pubsub,email-validator,rails-0.5.1.tgz,https://github.com/ResultadosDigitais/helm,nginx-hardcoded,https://spinnaker.rdops.systems/#/applications/email-validator/executions,,Pronto — só trocar ingressClassName nos values da app
staging-234557,email,holmes,holmes,manifesto-inline,,nginx-hardcoded,https://spinnaker.rdops.systems/#/applications/holmes/executions,manifesto Spinnaker — consultar pipeline para repo,Manifesto Spinnaker — adicionar stage APISIX na pipeline
staging-234557,email,ipconfig,ipconfig,manifesto-inline,,nginx-hardcoded,https://spinnaker.rdops.systems/#/applications/ipconfig/executions,manifesto Spinnaker — consultar pipeline para repo,Manifesto Spinnaker — adicionar stage APISIX na pipeline
staging-234557,email,neek-api,neekapi,manifesto-inline,,nginx-hardcoded,https://spinnaker.rdops.systems/#/applications/neekapi/executions,manifesto Spinnaker — consultar pipeline para repo,Manifesto Spinnaker — adicionar stage APISIX na pipeline
staging-234557,email,notify-api,notify-api,manifesto-inline,,nginx-hardcoded,https://spinnaker.rdops.systems/#/applications/notify-api/executions,manifesto Spinnaker — consultar pipeline para repo,Manifesto Spinnaker — adicionar stage APISIX na pipeline
staging-234557,email,rd-chat-api-internal,rd-chat-api,manifesto-inline,,nginx-hardcoded,https://spinnaker.rdops.systems/#/applications/rd-chat-api/executions,manifesto Spinnaker — consultar pipeline para repo,Manifesto Spinnaker — adicionar stage APISIX na pipeline
staging-234557,email,rd-chat-api-tallos,rd-chat-api,manifesto-inline,,nginx-hardcoded,https://spinnaker.rdops.systems/#/applications/rd-chat-api/executions,manifesto Spinnaker — consultar pipeline para repo,Manifesto Spinnaker — adicionar stage APISIX na pipeline
staging-234557,email,rd-chat-bot,rd-chatbot,rails-0.5.3.tgz,https://github.com/ResultadosDigitais/helm,nginx-hardcoded,https://spinnaker.rdops.systems/#/applications/rd-chatbot/executions,,Pronto — só trocar ingressClassName nos values da app
staging-234557,email,rd-chat-hook,rd-chat-hook,manifesto-inline,,nginx-hardcoded,https://spinnaker.rdops.systems/#/applications/rd-chat-hook/executions,manifesto Spinnaker — consultar pipeline para repo,Manifesto Spinnaker — adicionar stage APISIX na pipeline
staging-234557,email,rd-whatsapp-console,rd-whatsapp-console,rails-0.5.5.tgz,https://github.com/ResultadosDigitais/helm,nginx-hardcoded,https://spinnaker.rdops.systems/#/applications/rd-whatsapp-console/executions,,Pronto — só trocar ingressClassName nos values da app
staging-234557,frontend,tangram-website,,,,sem-versão,,sem moniker spinnaker,sem moniker — não gerenciado pelo Spinnaker
staging-234557,fronthub,datadog-workshop,pocs-rogerio,,,sem-versão,https://spinnaker.rdops.systems/#/applications/pocs-rogerio/executions,sem acesso spinnaker,sem acesso ao Spinnaker
staging-234557,fronthub,front-hub-internal-rdops-systems,front-hub,front-hub-0.2.5.tgz,https://github.com/ResultadosDigitais/helm,nginx-hardcoded,https://spinnaker.rdops.systems/#/applications/front-hub/executions,,Pronto — só trocar ingressClassName nos values da app
staging-234557,fronthub,front-hub-rdos-systems,front-hub,front-hub-0.2.5.tgz,https://github.com/ResultadosDigitais/helm,nginx-hardcoded,https://spinnaker.rdops.systems/#/applications/front-hub/executions,,Pronto — só trocar ingressClassName nos values da app
staging-234557,fronthub,front-hub-staging.rdstation.com.br,front-hub,front-hub-0.2.5.tgz,https://github.com/ResultadosDigitais/helm,nginx-hardcoded,https://spinnaker.rdops.systems/#/applications/front-hub/executions,,Pronto — só trocar ingressClassName nos values da app
staging-234557,insights,ai-platform-builder-app,ai-platform-builder,rails-0.5.3.tgz,https://github.com/ResultadosDigitais/helm,nginx-hardcoded,https://spinnaker.rdops.systems/#/applications/ai-platform-builder/executions,,Pronto — só trocar ingressClassName nos values da app
staging-234557,insights,ai-platform-builder,ai-platform-builder,rails-0.5.3.tgz,https://github.com/ResultadosDigitais/helm,nginx-hardcoded,https://spinnaker.rdops.systems/#/applications/ai-platform-builder/executions,,Pronto — só trocar ingressClassName nos values da app
staging-234557,insights,ai-platform-litellm,ai-platform,litellm-0.1.824.tgz,https://github.com/ResultadosDigitais/ai-helm,configurável,https://spinnaker.rdops.systems/#/applications/ai-platform/executions,,Pronto — só trocar ingressClassName nos values da app
staging-234557,insights,crm-mcp,crm-mcp,rails-0.5.3.tgz,https://github.com/ResultadosDigitais/helm,nginx-hardcoded,https://spinnaker.rdops.systems/#/applications/crm-mcp/executions,,Pronto — só trocar ingressClassName nos values da app
staging-234557,insights,executive-agent,executive-agent,rails-0.5.3.tgz,https://github.com/ResultadosDigitais/helm,nginx-hardcoded,https://spinnaker.rdops.systems/#/applications/executive-agent/executions,,Pronto — só trocar ingressClassName nos values da app
staging-234557,insights,inngest,ai-platform-inngest,inngest-0.1.1.tgz,https://github.com/ResultadosDigitais/ai-helm,configurável,https://spinnaker.rdops.systems/#/applications/ai-platform-inngest/executions,,Pronto — só trocar ingressClassName nos values da app
staging-234557,insights,inngest-public,ai-platform-inngest,inngest-0.1.1.tgz,https://github.com/ResultadosDigitais/ai-helm,configurável,https://spinnaker.rdops.systems/#/applications/ai-platform-inngest/executions,,Pronto — só trocar ingressClassName nos values da app
staging-234557,insights,insights-platform-api,insights-platform-api,rails-0.6.1.tgz,https://github.com/ResultadosDigitais/helm,configurável,https://spinnaker.rdops.systems/#/applications/insights-platform-api/executions,,Pronto — só trocar ingressClassName nos values da app
staging-234557,insights,insights-platform-api-v2,insights-platform-api,rails-0.6.1.tgz,https://github.com/ResultadosDigitais/helm,configurável,https://spinnaker.rdops.systems/#/applications/insights-platform-api/executions,,Pronto — só trocar ingressClassName nos values da app
staging-234557,insights,insights-platform-api-v2-v2,insights-platform-api,rails-0.6.1.tgz,https://github.com/ResultadosDigitais/helm,configurável,https://spinnaker.rdops.systems/#/applications/insights-platform-api/executions,,Pronto — só trocar ingressClassName nos values da app
staging-234557,insights,marketing-copilot,marketing-copilot,rails-0.5.3.tgz,https://github.com/ResultadosDigitais/helm,nginx-hardcoded,https://spinnaker.rdops.systems/#/applications/marketing-copilot/executions,,Pronto — só trocar ingressClassName nos values da app
staging-234557,insights,marketing-copilot-public,marketing-copilot,rails-0.5.3.tgz,https://github.com/ResultadosDigitais/helm,nginx-hardcoded,https://spinnaker.rdops.systems/#/applications/marketing-copilot/executions,,Pronto — só trocar ingressClassName nos values da app
staging-234557,insights,marketing-mcp,marketing-mcp,rails-0.5.3.tgz,https://github.com/ResultadosDigitais/helm,nginx-hardcoded,https://spinnaker.rdops.systems/#/applications/marketing-mcp/executions,,Pronto — só trocar ingressClassName nos values da app
staging-234557,insights,rds-crm-copilot,rds-crm-copilot,rails-0.5.3.tgz,https://github.com/ResultadosDigitais/helm,nginx-hardcoded,https://spinnaker.rdops.systems/#/applications/rds-crm-copilot/executions,,Pronto — só trocar ingressClassName nos values da app
staging-234557,insights,rds-crm-copilot-public,rds-crm-copilot,rails-0.5.3.tgz,https://github.com/ResultadosDigitais/helm,nginx-hardcoded,https://spinnaker.rdops.systems/#/applications/rds-crm-copilot/executions,,Pronto — só trocar ingressClassName nos values da app
staging-234557,insights,rdsc-copilot,rdsc-copilot,rails-0.5.3.tgz,https://github.com/ResultadosDigitais/helm,nginx-hardcoded,https://spinnaker.rdops.systems/#/applications/rdsc-copilot/executions,,Pronto — só trocar ingressClassName nos values da app
staging-234557,insights,rudi-api,rudi-api,rails-0.5.3.tgz,https://github.com/ResultadosDigitais/helm,nginx-hardcoded,https://spinnaker.rdops.systems/#/applications/rudi-api/executions,,Pronto — só trocar ingressClassName nos values da app
staging-234557,kafka,dashboard-kafka-staging,,,,sem-versão,,manual (Lens/Freelens),Manual (Lens/Freelens) — kubectl apply direto
staging-234557,kafka01,kafka-ui,,,,sem-versão,,sem dados no deploy_types,
staging-234557,leadgen,event-harbor,event-harbor,go-app-0.6.0.tgz,https://github.com/ResultadosDigitais/helm,nginx-hardcoded,https://spinnaker.rdops.systems/#/applications/event-harbor/executions,templatedPipeline,Pronto — só trocar ingressClassName nos values da app
staging-234557,leadgen,webpusher,webpusher,go-app-0.6.0.tgz,https://github.com/ResultadosDigitais/helm,nginx-hardcoded,https://spinnaker.rdops.systems/#/applications/webpusher/executions,templatedPipeline,Pronto — só trocar ingressClassName nos values da app
staging-234557,multi,multichannel-api,multichannel-api,rails-0.5.1.tgz,https://github.com/ResultadosDigitais/helm,nginx-hardcoded,https://spinnaker.rdops.systems/#/applications/multichannel-api/executions,templatedPipeline,Pronto — só trocar ingressClassName nos values da app
staging-234557,n8n,n8n-ingress,,,,sem-versão,,kubectl apply direto,kubectl apply direto
staging-234557,ops-central,monitor-history,monitor-history,rails-0.5.3.tgz,https://github.com/ResultadosDigitais/helm,nginx-hardcoded,https://spinnaker.rdops.systems/#/applications/monitor-history/executions,,Pronto — só trocar ingressClassName nos values da app
staging-234557,oraculo-agent-staging,oraculo-agent,,,,sem-versão,,sem dados no deploy_types,
staging-234557,platform,schema-api-internal,,,,sem-versão,,sem moniker spinnaker,sem moniker — não gerenciado pelo Spinnaker
staging-234557,plg,chat-backend,,,,sem-versão,,manual (Lens/Freelens),Manual (Lens/Freelens) — kubectl apply direto
staging-234557,plg,preview-whatsfree,preview-whatsfree,rails-0.5.3.tgz,https://github.com/ResultadosDigitais/helm,nginx-hardcoded,https://spinnaker.rdops.systems/#/applications/preview-whatsfree/executions,,Pronto — só trocar ingressClassName nos values da app
staging-234557,plg,todo-list,,,,sem-versão,,manual (Lens/Freelens),Manual (Lens/Freelens) — kubectl apply direto
staging-234557,rd-sms,account-api,rd-sms,rails-0.5.1.tgz,https://github.com/ResultadosDigitais/helm,nginx-hardcoded,https://spinnaker.rdops.systems/#/applications/rd-sms/executions,,Pronto — só trocar ingressClassName nos values da app
staging-234557,rd-sms,webhook-billing,rd-sms,rails-0.5.1.tgz,https://github.com/ResultadosDigitais/helm,nginx-hardcoded,https://spinnaker.rdops.systems/#/applications/rd-sms/executions,,Pronto — só trocar ingressClassName nos values da app
staging-234557,rd-sms,webhook-pubsub,rd-sms,rails-0.5.1.tgz,https://github.com/ResultadosDigitais/helm,nginx-hardcoded,https://spinnaker.rdops.systems/#/applications/rd-sms/executions,,Pronto — só trocar ingressClassName nos values da app
staging-234557,rdsm,rdsm-email,,,,sem-versão,,kubectl apply direto,kubectl apply direto
staging-234557,rdsm,rdsm-email-validator,rdsm,rdsm-${parameters.helm_version}.tgz,https://github.com/resultadosdigitais/rdstation,nginx-hardcoded,https://spinnaker.rdops.systems/#/applications/rdsm/executions,,Manifesto Spinnaker — adicionar stage APISIX na pipeline
staging-234557,rdsm,rdsm-web-api,rdsm,rdsm-${parameters.helm_version}.tgz,https://github.com/resultadosdigitais/rdstation,nginx-hardcoded,https://spinnaker.rdops.systems/#/applications/rdsm/executions,,Manifesto Spinnaker — adicionar stage APISIX na pipeline
staging-234557,rdsm,rdsm-web-webhook,,,,sem-versão,,kubectl apply direto,kubectl apply direto
staging-234557,rdsm,rdsm-web-whitelist-mario,,,,sem-versão,,kubectl apply direto,kubectl apply direto
staging-234557,rdsm,rdsm-web-with-whitelist,,,,sem-versão,,kubectl apply direto,kubectl apply direto
staging-234557,rdsm,staging,,,,sem-versão,,kubectl apply direto,kubectl apply direto
staging-234557,rdsm,web,,,,sem-versão,,manual (Lens/Freelens),Manual (Lens/Freelens) — kubectl apply direto
staging-234557,rdsm,web-signup-user,,,,sem-versão,,manual (Lens/Freelens),Manual (Lens/Freelens) — kubectl apply direto
staging-234557,rdsm-automation-engine,automation-engine-api,,,,sem-versão,,sem dados no deploy_types,
staging-234557,rms,cap-hook,cap-hook,manifesto-inline,,nginx-hardcoded,https://spinnaker.rdops.systems/#/applications/cap-hook/executions,manifesto Spinnaker — consultar pipeline para repo,Manifesto Spinnaker — adicionar stage APISIX na pipeline
staging-234557,rms,contas-staging,saas-internal,rabbitmq-12.6.1.tgz,https://github.com/ResultadosDigitais/helm,configurável,https://spinnaker.rdops.systems/#/applications/saas-internal/executions,,Manifesto Spinnaker — adicionar stage APISIX na pipeline
staging-234557,rms,financial-panel-api,,,,sem-versão,,sem dados no deploy_types,
staging-234557,rms,partnership,partnership,manifesto-inline,,nginx-hardcoded,https://spinnaker.rdops.systems/#/applications/partnership/executions,manifesto Spinnaker — consultar pipeline para repo,Manifesto Spinnaker — adicionar stage APISIX na pipeline
staging-234557,rms,partnership-staging,,,,sem-versão,,manual (Lens/Freelens),Manual (Lens/Freelens) — kubectl apply direto
staging-234557,rms,rabbitmq-cluster,saas-internal,rabbitmq-12.6.1,https://github.com/ResultadosDigitais/helm,configurável,https://spinnaker.rdops.systems/#/applications/saas-internal/executions,,Pronto — só trocar ingressClassName nos values da app
staging-234557,rms,rd-contas-smart-retry-staging,alumni,,,sem-versão,https://spinnaker.rdops.systems/#/applications/alumni/executions,manifesto Spinnaker — consultar pipeline para repo,Manifesto Spinnaker — adicionar stage APISIX na pipeline
staging-234557,rms,subscription-manager-api,subscription-manager-api,manifesto-inline,,nginx-hardcoded,https://spinnaker.rdops.systems/#/applications/subscription-manager-api/executions,manifesto Spinnaker — consultar pipeline para repo,Manifesto Spinnaker — adicionar stage APISIX na pipeline
staging-234557,sre,internal-ingress,rails-template,manifesto-inline,,nginx-hardcoded,https://spinnaker.rdops.systems/#/applications/rails-template/executions,manifesto Spinnaker — consultar pipeline para repo,Manifesto Spinnaker — adicionar stage APISIX na pipeline
staging-234557,sre,sidekiq-dashboard,sidekiq-dashboard,manifesto-inline,,nginx-hardcoded,https://spinnaker.rdops.systems/#/applications/sidekiq-dashboard/executions,manifesto Spinnaker — consultar pipeline para repo,Manifesto Spinnaker — adicionar stage APISIX na pipeline
staging-234557,sre,sidekiq-dashboard-oauth,,,,sem-versão,,sem dados no deploy_types,
staging-234557,support,incident-io-ruby-client,incident-io-ruby-client,rails-0.4.18.tgz,https://github.com/ResultadosDigitais/helm,nginx-hardcoded,https://spinnaker.rdops.systems/#/applications/incident-io-ruby-client/executions,,Pronto — só trocar ingressClassName nos values da app
staging-234557,support,toolbelt,toolbelt,manifesto-inline,,nginx-hardcoded,https://spinnaker.rdops.systems/#/applications/toolbelt/executions,manifesto Spinnaker — consultar pipeline para repo,Manifesto Spinnaker — adicionar stage APISIX na pipeline
staging-234557,support,toolbeltemailstats,,,,sem-versão,,kubectl apply direto,kubectl apply direto
staging-234557,wpp,wppaddon-api,,,https://github.com/resultadosdigitais/wppaddon-api,sem-versão,,,
